Title,Year,Rating,Rank
The Godfather,1972,9.2,1
Tokyo Story,1953,8.1,2
Seven Samurai,1954,8.6,3
The Godfather Part II,1974,9,4
Casablanca,1942,8.5,5
Citizen Kane,1941,8.3,6
Lawrence of Arabia,1962,8.3,7
12 Angry Men,1957,9,8
Sunset Blvd.,1950,8.4,9
Shoah,1985,8.7,10
Ordet,1955,8.2,11
All About Eve,1950,8.2,12
The Decalogue,1989,8.9,13
Pulp Fiction,1994,8.9,14
City Lights,1931,8.5,15
Ugetsu,1953,8.2,16
Singin' in the Rain,1952,8.3,17
Schindler's List,1993,9,18
The 400 Blows,1959,8.1,19
Goodfellas,1990,8.7,20
Children of Paradise,1945,8.3,21
Modern Times,1936,8.5,22
Psycho,1960,8.5,23
One Flew Over the Cuckoo's Nest,1975,8.7,24
M,1931,8.3,25
The Third Man,1949,8.1,26
Grave of the Fireflies,1988,8.5,27
Dr. Strangelove or: How I Learned to Stop Worrying and Love the Bomb,1964,8.4,28
Pather Panchali,1955,8.2,29
Rear Window,1954,8.5,30
Rashomon,1950,8.2,31
Apocalypse Now,1979,8.4,32
Night and Fog,1956,8.6,33
The Passion of Joan of Arc,1928,8.1,34
The Rules of the Game,1939,7.9,35
Bicycle Thieves,1948,8.3,36
Ikiru,1952,8.3,37
Sansho the Bailiff,1954,8.4,38
The World of Apu,1959,8.5,39
"The Good, the Bad and the Ugly",1966,8.8,40
Sherlock Jr.,1924,8.2,41
The Wizard of Oz,1939,8.1,42
Taxi Driver,1976,8.2,43
Kes,1969,7.9,44
The Battle of Algiers,1966,8.1,45
Chinatown,1974,8.1,46
A Man Escaped,1956,8.2,47
Metropolis,1927,8.3,48
North by Northwest,1959,8.3,49
The Grand Illusion,1937,8.1,50
Greed,1924,8,51
Fanny and Alexander,1982,8.1,52
Make Way for Tomorrow,1937,8.2,53
Kind Hearts and Coronets,1949,8,54
Woman in the Dunes,1964,8.5,55
Ran,1985,8.2,56
Andrei Rublev,1966,8.1,57
The Easy Life,1962,8.2,58
Mirror,1975,8,59
The Treasure of the Sierra Madre,1948,8.2,60
Late Spring,1949,8.2,61
Spirited Away,2001,8.6,62
Some Like It Hot,1959,8.2,63
Vertigo,1958,8.3,64
Paths of Glory,1957,8.4,65
A Brighter Summer Day,1991,8.2,66
A City of Sadness,1989,7.8,67
Double Indemnity,1944,8.3,68
The Cabinet of Dr. Caligari,1920,8,69
The Wages of Fear,1953,8.2,70
The Mother and the Whore,1973,7.8,71
La Dolce Vita,1960,8,72
Stop Making Sense,1984,8.7,73
One More Time with Feeling,2016,8.2,74
Ali: Fear Eats the Soul,1974,8,75
A Trip to the Moon,1902,8.2,76
Toy Story 3,2010,8.3,77
A Separation,2011,8.3,78
It's a Wonderful Life,1946,8.6,79
On the Waterfront,1954,8.1,80
The Maltese Falcon,1941,8,81
The Leopard,1963,7.9,82
"Rome, Open City",1945,8,83
 Century of Cinema,1995,8.5,84
The Seventh Seal,1957,8.1,85
The Wind,1928,8,86
Yojimbo,1961,8.2,87
The Gold Rush,1925,8.1,88
The Sorrow and the Pity,1969,8.2,89
Marketa Lazarová,1967,7.9,90
The Farewell,2019,7.5,91
The Great Dictator,1940,8.4,92
The Life and Death of Colonel Blimp,1943,8,93
War and Peace,1965,8.3,94
The Philadelphia Story,1940,7.9,95
Sunrise,1927,8.1,96
Man with a Movie Camera,1929,8.3,97
Raiders of the Lost Ark,1981,8.4,98
Orpheus,1950,7.9,99
Heimat: A Chronicle of Germany,1984,8.6,100
"Aguirre, the Wrath of God",1972,7.8,101
They Shall Not Grow Old,2018,8.2,102
The House Is Black,1963,7.8,103
The Night of the Hunter,1955,8,104
Balthazar,1966,7.8,105
"Steamboat Bill, Jr.",1928,7.8,106
Ivan's Childhood,1962,8,107
The Music Room,1958,7.9,108
The Shop on Main Street,1965,8.2,109
Three Colors: Red,1994,8.1,110
Hoop Dreams,1994,8.3,111
Rebecca,1940,8.1,112
It's Such a Beautiful Day,2012,8.2,113
Wild Strawberries,1957,8.1,114
A Matter of Life and Death,1946,8,115
Charulata,1964,8.1,116
The Conformist,1970,7.9,117
Playtime,1967,7.8,118
The Big Parade,1925,7.9,119
The Hole,1960,8.5,120
The Boat,1981,8.4,121
Umberto D.,1952,8.2,122
Inside Out,2015,8.1,123
Army of Shadows,1969,8.1,124
Monty Python and the Holy Grail,1975,8.2,125
Spider-Man: Into the Spider-Verse,2018,8.4,126
Au revoir les enfants,1987,8,127
The Last Picture Show,1971,8,128
Throne of Blood,1957,8.1,129
Hiroshima Mon Amour,1959,7.8,130
The Kid,1921,8.2,131
The General,1926,8.1,132
Apollo 11,2019,8.1,133
Cool Hand Luke,1967,8.1,134
Nights of Cabiria,1957,8.1,135
The Exterminating Angel,1962,8,136
Battleship Potemkin,1925,7.9,137
Stalker,1979,8.1,138
The Last Laugh,1924,8,139
The Cameraman,1928,8,140
Satantango,1994,8.2,141
Annie Hall,1977,8,142
Touch of Evil,1958,8,143
The Searchers,1956,7.8,144
8½,1963,8,145
The Grapes of Wrath,1940,8.1,146
An Andalusian Dog,1929,7.6,147
The Dark Knight,2008,9,148
Bride of Frankenstein,1935,7.8,149
Once Upon a Time in the West,1968,8.5,150
The Bridge on the River Kwai,1957,8.1,151
The Best of Youth,2003,8.5,152
All Quiet on the Western Front,1930,8.1,153
La strada,1954,8,154
L'Atalante,1934,7.7,155
Spotlight,2015,8.1,156
The Red Shoes,1948,8.1,157
Sweet Smell of Success,1957,8,158
The Heiress,1949,8.1,159
Early Summer,1951,8.1,160
Witness for the Prosecution,1957,8.4,161
The Crowd,1928,8.1,162
12 Years a Slave,2013,8.1,163
The Apartment,1960,8.3,164
Nosferatu,1922,7.9,165
His Girl Friday,1940,7.8,166
Out 1,1971,7.5,167
Boyhood,2014,7.9,168
Shoplifters,2018,7.9,169
28 Up,1984,8.2,170
Notorious,1946,7.9,171
The Phantom Carriage,1921,8,172
Harlan County U.S.A.,1976,8.2,173
Napoleon,1927,8.2,174
Jaws,1975,8.1,175
Whiplash,2014,8.5,176
Stagecoach,1939,7.8,177
Come and See,1985,8.4,178
Pan's Labyrinth,2006,8.2,179
Le Samouraï,1967,8,180
The Spirit of the Beehive,1973,7.8,181
Viridiana,1961,8.1,182
Forbidden Games,1952,8,183
The Life of Oharu,1952,8.1,184
Laura,1944,7.9,185
The Best Years of Our Lives,1946,8.1,186
Holiday,1938,7.7,187
Breathless,1960,7.7,188
Tampopo,1985,7.9,189
Werckmeister Harmonies,2000,8,190
Through a Glass Darkly,1961,7.9,191
Edvard Munch,1974,8.2,192
Duck Soup,1933,7.7,193
Jules and Jim,1962,7.7,194
Badlands,1973,7.7,195
The Thin Man,1934,7.9,196
"Jeanne Dielman, 23, quai du commerce, 1080 Bruxelles",1975,7.5,197
El Sur,1983,7.8,198
Rio Bravo,1959,8,199
Sullivan's Travels,1941,7.9,200
La La Land,2016,8,401
The King's Speech,2010,8,402
The Handmaiden,2016,8.1,403
Network,1976,8.1,404
Secrets & Lies,1996,8,405
The Salt of the Earth,2014,8.4,406
The Man Who Shot Liberty Valance,1962,8.1,407
Raise the Red Lantern,1991,8.1,408
Divorce Italian Style,1961,8,409
City of God,2002,8.6,410
Autumn Sonata,1978,8.1,411
Germany Year Zero,1948,7.8,412
Burden of Dreams,1982,7.9,413
Amour,2012,7.9,414
Poetry,2010,7.8,415
Wake in Fright,1971,7.6,416
Bringing Up Baby,1938,7.8,417
Who's Afraid of Virginia Woolf?,1966,8,418
"Lacombe, Lucien",1974,7.6,419
Before Sunset,2004,8.1,420
A Prophet,2009,7.8,421
Barry Lyndon,1975,8.1,422
Once Upon a Time in America,1984,8.3,423
Pandora's Box,1929,7.8,424
Sholay,1975,8.1,425
The Elementary School,1991,7.8,426
Mission: Impossible - Fallout,2018,7.7,427
Hell or High Water,2016,7.6,428
The Great White Silence,1922,8,429
Histoire(s) du cinéma,1989,7.2,430
Roma,2018,7.7,431
This Is Spinal Tap,1984,7.9,432
The Cranes Are Flying,1957,8.3,433
Two Women,1960,7.7,434
Memento,2000,8.4,435
Local Hero,1983,7.3,436
The Ox-Bow Incident,1942,8,437
Brief Encounter,1945,8,438
"A Bread Factory, Part One",2018,6.8,439
"Three Billboards Outside Ebbing, Missouri",2017,8.1,440
Selma,2014,7.5,441
Do the Right Thing,1989,8,442
The Work,2017,7.8,443
Belle de Jour,1967,7.6,444
The 39 Steps,1935,7.6,445
Dog Day Afternoon,1975,8,446
La Chienne,1931,7.5,447
Gone with the Wind,1939,8.2,448
All About My Mother,1999,7.8,449
Mary and Max,2009,8.1,450
The French Connection,1971,7.7,451
Record of a Tenement Gentleman,1947,7.7,452
The Earth Trembles,1948,7.8,453
A Patch of Blue,1965,8,454
The Adventures of Robin Hood,1938,7.9,455
Monterey Pop,1968,8,456
The Climb,2019,6.7,457
Dunkirk,2017,7.8,458
Lady Bird,2017,7.4,459
To Kill a Mockingbird,1962,8.3,460
The Innocents,1961,7.8,461
Amarcord,1973,7.8,462
There Will Be Blood,2007,8.2,463
Waltz with Bashir,2008,8,464
The Lion King,1994,8.5,465
The Wild Pear Tree,2018,8,466
King Kong,1933,7.9,467
A Story from Chikamatsu,1954,8,468
The Organizer,1963,8,469
"Paris, Texas",1984,8.1,470
Let the Right One In,2008,7.8,471
Her,2013,8,472
Blade Runner,1982,8.1,473
Fargo,1996,8.1,474
Before Sunrise,1995,8.1,475
Pépé le Moko,1937,7.7,476
A Short Film About Love,1988,8.1,477
High and Low,1963,8.4,478
The Adventures of Prince Achmed,1926,7.8,479
A Hard Day's Night,1964,7.5,480
Frankenstein,1931,7.8,481
The Pianist,2002,8.5,482
The Little Mermaid,1989,7.6,483
Matewan,1987,7.9,484
Fireworks,1997,7.7,485
The Grand Budapest Hotel,2014,8.1,486
The Florida Project,2017,7.6,487
Last Year at Marienbad,1961,7.7,488
"Ivan the Terrible, Part I",1944,7.7,489
Show Boat,1936,7.4,490
The Goddess,1934,7.7,491
The Departed,2006,8.5,492
Leviathan,2014,7.6,493
Only Yesterday,1991,7.6,494
Scarface,1932,7.7,495
Captain Blood,1935,7.7,496
The Ladykillers,1955,7.6,497
World on a Wire,1973,7.7,498
Breaker Morant,1980,7.8,499
Carnival in Flanders,1935,7.4,500
2001: A Space Odyssey,1968,8.3,201
Toy Story 4,2019,7.7,202
The Last Waltz,1978,8.1,203
A Geisha,1953,7.6,204
Strangers on a Train,1951,7.9,205
The Hustler,1961,8,206
Shadow of a Doubt,1943,7.8,207
WALL·E,2008,8.4,208
Rosemary's Baby,1968,8,209
White Heat,1949,8.1,210
Dead Souls,2018,8,211
Cosy Dens,1999,8.1,212
The Wild Bunch,1969,7.9,213
L'Avventura,1960,7.7,214
The Killer,1989,7.8,215
The Earrings of Madame De...,1953,7.9,216
Amazing Grace,2018,7.5,217
A Streetcar Named Desire,1951,7.9,218
Black Narcissus,1947,7.7,219
Day of Wrath,1943,8.1,220
The Lives of Others,2006,8.4,221
Chimes at Midnight,1965,7.6,222
The Train,1964,7.8,223
Shoeshine,1946,8,224
Faces Places,2017,7.8,225
The Hidden Fortress,1958,8.1,226
Sanjuro,1962,8,227
Bob Dylan: The Other Side of the Mirror,2007,8.1,228
Persona,1966,8.1,229
Aparajito,1956,8.2,230
Top Hat,1935,7.7,231
The Lady Eve,1941,7.7,232
Safety Last!,1923,8.1,233
Bob Dylan: Dont Look Back,1967,7.9,234
Yi Yi,2000,8.1,235
The Shawshank Redemption,1994,9.3,236
Out of the Past,1947,8,237
To Be or Not to Be,1942,8.1,238
Spring in a Small Town,1948,7.3,239
The Right Stuff,1983,7.8,240
Cría Cuervos,1976,7.9,241
Ballad of a Soldier,1959,8.2,242
The Stranger,1991,8,243
It Happened One Night,1934,8.1,244
Brazil,1985,7.9,245
The Navigator,1924,7.6,246
In a Lonely Place,1950,7.9,247
Mad Max: Fury Road,2015,8.1,248
Anatomy of a Murder,1959,8,249
The Shop Around the Corner,1940,8,250
Paddington 2,2017,7.8,251
An Autumn Afternoon,1962,8,252
Withnail & I,1987,7.5,253
The Unknown,1927,7.7,254
Call Me by Your Name,2017,7.8,255
High Noon,1952,8,256
Diabolique,1955,8.1,257
A Night at the Opera,1935,7.8,258
Pickpocket,1959,7.6,259
La Jetée,1962,8.2,260
Berlin Alexanderplatz,1980,8.4,261
Thirst,1957,8.3,262
Day for Night,1973,8,263
Ratatouille,2007,8.1,264
Love Me Tonight,1932,7.5,265
Scenes from a Marriage,1974,8.3,266
The Social Network,2010,7.8,267
Night of the Living Dead,1968,7.8,268
Our Hospitality,1923,7.8,269
Red River,1948,7.8,270
Repulsion,1965,7.6,271
The Tale of The Princess Kaguya,2013,8,272
When a Woman Ascends the Stairs,1960,8.1,273
The Lord of the Rings: The Two Towers,2002,8.8,274
The God of Day Had Gone Down Upon Him,2000,7.7,275
The Tree of Wooden Clogs,1978,7.8,276
Seven Chances,1925,7.8,277
Star Wars: Episode IV - A New Hope,1977,8.6,278
Coco,2017,8.4,279
Star Wars: Episode V - The Empire Strikes Back,1980,8.7,280
Salesman,1969,7.7,281
The Silence of the Lambs,1991,8.6,282
Toy Story,1995,8.3,283
Harakiri,1962,8.6,284
Tigers Are Not Afraid,2017,6.9,285
The Young and the Damned,1950,8.2,286
Babette's Feast,1987,7.8,287
The Artist,2011,7.9,288
The Sweet Hereafter,1997,7.5,289
The Killing,1956,7.9,290
My Darling Clementine,1946,7.7,291
Avengers: Endgame,2019,8.4,292
My Neighbor Totoro,1988,8.1,293
Three Colors: Blue,1993,7.9,294
Gold Diggers of 1933,1933,7.7,295
Song of the Sea,2014,8,296
I Vitelloni,1953,7.8,297
Letter from an Unknown Woman,1948,7.9,298
Tower,2016,7.9,299
Your Name.,2016,8.4,300
Trainspotting,1996,8.1,601
Band of Outsiders,1964,7.6,602
The Odd Couple,1968,7.6,603
The Friends of Eddie Coyle,1973,7.4,604
César,1936,7.6,605
The Diving Bell and the Butterfly,2007,8,606
The Usual Suspects,1995,8.5,607
Purple Noon,1960,7.7,608
Odd Man Out,1947,7.6,609
Honeyland,2019,8,610
Ball of Fire,1941,7.7,611
The Ghost and Mrs. Muir,1947,7.8,612
The Naked Island,1960,8,613
A Star Is Born,2018,7.6,614
Burning,2018,7.5,615
Mean Streets,1973,7.2,616
Cries & Whispers,1972,8,617
The Tarnished Angels,1957,7.1,618
Hunt for the Wilderpeople,2016,7.8,619
Last Train Home,2009,7.6,620
Johnny Guitar,1954,7.6,621
The Lion in Winter,1968,7.9,622
The Palm Beach Story,1942,7.5,623
"Black God, White Devil",1964,7.2,624
Pauline at the Beach,1983,7.3,625
56 Up,2012,7.9,626
The Princess Bride,1987,8,627
Lagaan: Once Upon a Time in India,2001,8.1,628
The Great Escape,1963,8.2,629
To Have and Have Not,1944,7.8,630
Knife in the Water,1962,7.4,631
Meet Me in St. Louis,1944,7.5,632
The Asphalt Jungle,1950,7.8,633
White Nights,1957,7.8,634
The Straight Story,1999,8,635
Moolaadé,2003,7.6,636
The Beaches of Agnès,2008,8,637
The Last Command,1928,8,638
Second Wind,1966,7.9,639
To Live,1994,8.3,640
Meshes of the Afternoon,1943,7.8,641
The Dark Knight Rises,2012,8.4,642
The Rider,2017,7.4,643
Before the Rain,1994,7.9,644
Grey Gardens,1975,7.5,645
Ace in the Hole,1951,8.1,646
Celine and Julie Go Boating,1974,7.2,647
The Given Word,1962,8.3,648
The Ascent,1977,8.2,649
The Wrestler,2008,7.9,650
Downfall,2004,8.2,651
The Return,2003,7.9,652
Peeping Tom,1960,7.6,653
Shane,1953,7.6,654
The Long Goodbye,1973,7.5,655
The Public Enemy,1931,7.6,656
Only Angels Have Wings,1939,7.6,657
Love Streams,1984,7.7,658
The Passion of Anna,1969,7.6,659
Beau Geste,1939,7.5,660
The Hill,1965,7.9,661
Terminator 2: Judgment Day,1991,8.6,662
Rogers Park,2017,7,663
Captain Phillips,2013,7.8,664
Nostalghia,1983,7.9,665
Once,2007,7.8,666
The Hunt,2012,8.3,667
Donnie Darko,2001,8,668
Hearts and Minds,1974,8.2,669
The Enigma of Kaspar Hauser,1974,7.7,670
Talk to Her,2002,7.9,671
Hannah and Her Sisters,1986,7.8,672
Charade,1963,7.8,673
The Killers,1946,7.7,674
Limelight,1952,8,675
The Criminal Life of Archibaldo de la Cruz,1955,7.6,676
Blue Velvet,1986,7.7,677
Camille Claudel,1988,7.3,678
Sing Street,2016,7.9,679
Touching the Void,2003,8,680
My Uncle,1958,7.7,681
Sons of the Desert,1933,7.5,682
Floating Clouds,1955,7.6,683
Black Panther,2018,7.3,684
Moonrise Kingdom,2012,7.8,685
Stories We Tell,2012,7.5,686
Timbuktu,2014,7.1,687
Columbus,2017,7.2,688
Young Frankenstein,1974,8,689
My Life to Live,1962,7.8,690
L'Eclisse,1962,7.7,691
My Night at Maud's,1969,7.8,692
The Butcher,1970,7.3,693
The Triplets of Belleville,2003,7.7,694
The Player,1992,7.5,695
Shirkers,2018,7.3,696
I Remember Mama,1948,7.9,697
The Two of Us,1967,7.6,698
La Ronde,1950,7.5,699
Fists in the Pocket,1965,7.6,700
Get Out,2017,7.8,501
Son of Saul,2015,7.4,502
Being There,1979,7.9,503
The Magnificent Ambersons,1942,7.6,504
Inception,2010,8.8,505
The Twilight Samurai,2002,8.1,506
Ruggles of Red Gap,1935,7.6,507
Paisan,1946,7.6,508
Kanal,1957,7.9,509
Marius,1931,7.8,510
The Emperor's Naked Army Marches On,1987,8.2,511
Touchez pas au grisbi,1954,7.7,512
A Special Day,1977,8.1,513
The Story of a Cheat,1936,7.6,514
The Deer Hunter,1978,8.1,515
Brother's Keeper,1992,7.5,516
The Big Sick,2017,7.5,517
Almost Famous,2000,7.9,518
Roman Holiday,1953,8,519
The Flowers of St. Francis,1950,7.3,520
"Spring, Summer, Fall, Winter... and Spring",2003,8,521
Invasion of the Body Snatchers,1956,7.7,522
Patton,1970,7.9,523
The Lavender Hill Mob,1951,7.5,524
There Was a Father,1942,7.6,525
Diary of a Lost Girl,1929,7.8,526
E.T. the Extra-Terrestrial,1982,7.9,527
The Lost Weekend,1945,7.9,528
"I Was Born, But...",1932,7.9,529
Three Daughters,1961,7.9,530
Lessons of Darkness,1992,8,531
Time of the Gypsies,1988,8.1,532
Zootopia,2016,8,533
Elevator to the Gallows,1958,7.9,534
The Sting,1973,8.3,535
Freaks,1932,7.8,536
Days of Heaven,1978,7.8,537
I Know Where I'm Going!,1945,7.4,538
The Lady Vanishes,1938,7.7,539
Angels with Dirty Faces,1938,7.9,540
A Night to Remember,1958,7.9,541
My American Uncle,1980,7.6,542
About Elly,2009,7.9,543
Went the Day Well?,1942,7.5,544
Avanti Popolo,1986,7.6,545
Le Jour Se Leve,1939,7.7,546
A Short Film About Killing,1988,8,547
Alexander Nevsky,1938,7.5,548
Brooklyn,2015,7.5,549
Amy,2015,7.8,550
Kubo and the Two Strings,2016,7.7,551
Wild Tales,2014,8.1,552
Manhattan,1979,7.8,553
Stage Door,1937,7.7,554
Sleuth,1972,8,555
Trouble in Paradise,1932,7.9,556
Port of Shadows,1938,7.7,557
Ashes and Diamonds,1958,7.7,558
Stroszek,1977,7.7,559
My Life as a Zucchini,2016,7.8,560
Nobody Knows,2004,8,561
Eyes Without a Face,1960,7.6,562
Tristana,1970,7.4,563
My Left Foot,1989,7.8,564
Great Expectations,1946,7.8,565
Fires on the Plain,1959,8,566
Ship of Theseus,2012,8,567
All the President's Men,1976,7.9,568
Shoot the Piano Player,1960,7.4,569
Strike,1925,7.6,570
The Second Mother,2015,7.7,571
The Celebration,1998,8,572
Hail the Conquering Hero,1944,7.6,573
Incendies,2010,8.3,574
Rocco and His Brothers,1960,8.2,575
The Virgin Spring,1960,8,576
The Great Silence,1968,7.7,577
Le Million,1931,7.3,578
In the Shadow of the Moon,2007,8,579
The Vanishing,1988,7.7,580
Ninotchka,1939,7.8,581
Monsieur Verdoux,1947,7.8,582
This Sporting Life,1963,7.5,583
Deep Water,2006,7.8,584
Beauty and the Beast,1991,8,585
The Scarlet Empress,1934,7.5,586
Argo,2012,7.7,587
The Unknown Soldier,1955,8,588
Django Unchained,2012,8.5,589
Capernaum,2018,8.4,590
Embrace of the Serpent,2015,7.8,591
Searching for Sugar Man,2012,8.2,592
Masculine Feminine,1966,7.4,593
The Gospel According to St. Matthew,1964,7.6,594
Whisky Galore!,1949,7.1,595
My Happy Family,2017,7.4,596
Magical Girl,2014,7.2,597
Leave No Trace,2018,7.1,598
In the Mood for Love,2000,8.1,599
God's Own Country,2017,7.6,600
The Story of the Last Chrysanthemum,1939,7.8,301
Nashville,1975,7.6,302
And Life Goes On,1992,7.9,303
Gimme Shelter,1970,7.8,304
Miracle in Milan,1951,7.6,305
Monsieur Hulot's Holiday,1953,7.3,306
The Circus,1928,8.1,307
The Discreet Charm of the Bourgeoisie,1972,7.8,308
Gangs of Wasseypur,2012,8.2,309
That Obscure Object of Desire,1977,7.8,310
The Ogre of Athens,1956,7.9,311
Gravity,2013,7.7,312
Before Midnight,2013,7.9,313
Alien,1979,8.5,314
Close-Up,1990,8.2,315
L.A. Confidential,1997,8.2,316
Short Term 12,2013,7.9,317
The Umbrellas of Cherbourg,1964,7.8,318
El,1953,7.9,319
Moonlight,2016,7.4,320
Red Desert,1964,7.5,321
Emmet Otter's Jug-Band Christmas,1977,8.2,322
The Lord of the Rings: The Return of the King,2003,9,323
7th Heaven,1927,7.6,324
Vagabond,1985,7.7,325
Room,2015,8.1,326
 American Masters,1985,8.4,327
Simon of the Desert,1965,7.9,328
Saving Private Ryan,1998,8.6,329
Days and Nights in the Forest,1970,8.1,330
Aliens,1986,8.4,331
In the Heat of the Sun,1994,8.1,332
The Lord of the Rings: The Fellowship of the Ring,2001,8.9,333
A Gentle Woman,1969,7.4,334
The Mummy,1969,7.7,335
The Conversation,1974,7.7,336
A Day in the Country,1946,7.5,337
Cairo Station,1958,7.5,338
Eighth Grade,2018,7.4,339
Eternal Sunshine of the Spotless Mind,2004,8.3,340
The Man Who Would Be King,1975,7.8,341
The Red Balloon,1956,8.1,342
Solaris,1972,8,343
Andhadhun,2018,8.2,344
Investigation of a Citizen Above Suspicion,1970,8,345
"A Bread Factory, Part Two",2018,6.7,346
Fury,1936,7.8,347
Aladdin,1992,8,348
Persepolis,2007,8,349
Rififi,1955,8.1,350
La haine,1995,8.1,351
Shadows of Forgotten Ancestors,1965,7.8,352
When We Were Kings,1996,7.9,353
Harry Potter and the Deathly Hallows: Part 2,2011,8.1,354
A Woman Under the Influence,1974,8.1,355
Night Will Fall,2014,8,356
The Ballad of Narayama,1983,7.8,357
Unforgiven,1992,8.2,358
The Red Circle,1970,7.9,359
Amadeus,1984,8.4,360
Still Walking,2008,7.9,361
My Man Godfrey,1936,7.9,362
Late Autumn,1960,7.9,363
The Little Foxes,1941,7.9,364
Back to the Future,1985,8.5,365
Wings of Desire,1987,7.9,366
Raging Bull,1980,8.1,367
Pixote,1980,7.9,368
Neon Genesis Evangelion: The End of Evangelion,1997,8.1,369
Back in the U.S.,2002,7.9,370
As I Was Moving Ahead Occasionally I Saw Brief Glimpses of Beauty,2000,8.2,371
The Tale,2018,7.2,372
Contempt,1963,7.5,373
Swing Time,1936,7.5,374
Kings of the Road,1976,7.7,375
Cinema Paradiso,1988,8.5,376
Z,1969,8.2,377
The Fallen Idol,1948,7.6,378
Vampyr,1932,7.4,379
Cléo from 5 to 7,1962,7.8,380
The Emigrants,1971,8,381
Killer of Sheep,1978,7.2,382
Diary of a Country Priest,1951,7.8,383
Floating Weeds,1959,7.9,384
Smiles of a Summer Night,1955,7.7,385
Manchester by the Sea,2016,7.8,386
No Country for Old Men,2007,8.2,387
Beauty and the Beast,1946,7.9,388
The Mortal Storm,1940,7.7,389
Stalag 17,1953,8,390
"4 Months, 3 Weeks and 2 Days",2007,7.9,391
Gett,2014,7.7,392
The Manchurian Candidate,1962,7.9,393
The African Queen,1951,7.7,394
The Big Heat,1953,7.9,395
Jean de Florette,1986,8.1,396
I Am a Fugitive from a Chain Gang,1932,8.2,397
Finding Nemo,2003,8.2,398
Up,2009,8.3,399
Reservoir Dogs,1992,8.3,400
Bad Genius,2017,7.6,801
Mad Love,1969,7.3,802
Birdman or (The Unexpected Virtue of Ignorance),2014,7.7,803
Dawn of the Planet of the Apes,2014,7.6,804
The Guilty,2018,7.5,805
Central Station,1998,8,806
Sita Sings the Blues,2008,7.6,807
Thunder Soul,2010,7.6,808
Little Fugitive,1953,7.5,809
The Chant of Jimmie Blacksmith,1978,7.3,810
Utamaro and His Five Women,1946,7,811
Hedwig and the Angry Inch,2001,7.7,812
Le Doulos,1962,7.7,813
Life Is Sweet,1990,7.4,814
La Belle Noiseuse,1991,7.5,815
Accattone,1961,7.6,816
The Hunchback of Notre Dame,1939,7.8,817
Four Adventures of Reinette and Mirabelle,1987,7.5,818
General Della Rovere,1959,7.7,819
Blade Runner 2049,2017,8,820
Seduced and Abandoned,1964,7.9,821
Baby Driver,2017,7.5,822
The Bourne Ultimatum,2007,8,823
20 Feet from Stardom,2013,7.4,824
Say Anything,1989,7.3,825
Rebels of the Neon God,1992,7.5,826
The Wind Will Carry Us,1999,7.4,827
The Saragossa Manuscript,1965,7.8,828
This Happy Breed,1944,7.3,829
Curse of the Demon,1957,7.4,830
The Trial of Joan of Arc,1962,7.4,831
Room at the Top,1958,7.5,832
Lola,1981,7.4,833
Insiang,1976,7.5,834
City of Life and Death,2009,7.7,835
Booksmart,2019,7.1,836
A Quiet Place,2018,7.5,837
Moana,2016,7.6,838
Weekend,1967,6.9,839
Don't Look Now,1973,7.1,840
Wagon Master,1950,7.1,841
Ida,2013,7.4,842
The Long Good Friday,1980,7.6,843
Branded to Kill,1967,7.2,844
A New Leaf,1971,7.3,845
Maborosi,1995,7.5,846
The Hairdresser's Husband,1990,7.1,847
7 Men from Now,1956,7.4,848
The Missing Picture,2013,7.3,849
Key Largo,1948,7.7,850
Adam's Rib,1949,7.4,851
Monsieur Hire,1989,7.5,852
The Magician,1958,7.6,853
Sawdust and Tinsel,1953,7.4,854
Alice in the Cities,1974,7.9,855
Les vampires,1915,7.3,856
Que Viva Mexico,1979,7.4,857
Cold War,2018,7.5,858
Monsieur Lazhar,2011,7.5,859
Wadjda,2012,7.5,860
Deep Red,1975,7.5,861
The More the Merrier,1943,7.6,862
Man of the West,1958,7.1,863
Project Nim,2011,7.4,864
Phoenix,2014,7.3,865
120 BPM,2017,7.4,866
Mafioso,1962,7.6,867
Atlantic City,1980,7.3,868
Gilda,1946,7.6,869
The Band Wagon,1953,7.4,870
Dragon Inn,1967,7.4,871
Sans Soleil,1983,7.8,872
Oliver Twist,1948,7.8,873
The Golden Age,1930,7.2,874
Incredibles 2,2018,7.6,875
127 Hours,2010,7.5,876
Juno,2007,7.5,877
Beasts of No Nation,2015,7.7,878
Journey to Italy,1954,7.3,879
Can You Ever Forgive Me?,2018,7.1,880
Park Row,1952,7.2,881
High Hopes,1988,7.4,882
Inside Llewyn Davis,2013,7.4,883
Aquarius,2016,7.4,884
Bad Day at Black Rock,1955,7.7,885
Fort Apache,1948,7.4,886
À Nous la Liberté,1931,7.4,887
Zelig,1983,7.7,888
You Only Live Once,1937,7.2,889
Jackal of Nahueltoro,1969,7.6,890
The Spider's Stratagem,1970,6.9,891
Moneyball,2011,7.6,892
Milk,2008,7.5,893
"Two Days, One Night",2014,7.3,894
Foxtrot,2017,7.2,895
Blood Simple,1984,7.5,896
Force of Evil,1948,7.2,897
Never Give a Sucker an Even Break,1941,7,898
The Fall of the House of Usher,1928,7.3,899
The War Is Over,1966,7.3,900
Wild River,1960,7.5,701
The Letter,1940,7.5,702
The Terminator,1984,8.1,703
"Crouching Tiger, Hidden Dragon",2000,7.9,704
The Prisoner of Zenda,1937,7.6,705
The War Game,1966,8,706
Close Encounters of the Third Kind,1977,7.6,707
Kolya,1996,7.7,708
For All Mankind,1989,8.1,709
Louie Bluie,1985,7.6,710
The Invisible Man,1933,7.6,711
Jenny Lamour,1947,7.7,712
Marty,1955,7.7,713
Love and Death,1975,7.7,714
Casque d'Or,1952,7.6,715
The Pawnbroker,1964,7.7,716
The Official Story,1985,7.7,717
The Bad Sleep Well,1960,8,718
A Raisin in the Sun,1961,8,719
The Fiances,1963,7.6,720
Nausicaä of the Valley of the Wind,1984,8,721
The Man from Earth,2007,7.8,722
Arrival,2016,7.9,723
Mustang,2015,7.6,724
A Clockwork Orange,1971,8.3,725
The Big City,1963,8.3,726
It's a Gift,1934,7.1,727
The New Land,1972,8,728
Dallas Buyers Club,2013,7.9,729
Amores Perros,2000,8.1,730
Jodorowsky's Dune,2013,8,731
Young Mr. Lincoln,1939,7.5,732
Carlos,2010,7.6,733
The Goddess,1960,7.7,734
The Search,1948,7.8,735
McCabe & Mrs. Miller,1971,7.6,736
The Marriage of Maria Braun,1979,7.7,737
Three Identical Strangers,2018,7.6,738
Dark Eyes,1987,7.3,739
The Hurt Locker,2008,7.5,740
"Oslo, August 31st",2011,7.6,741
American Movie,1999,7.8,742
The Killing Fields,1984,7.8,743
Horse Feathers,1932,7.5,744
Fat City,1972,7.3,745
'Round Midnight,1986,7.4,746
C.R.A.Z.Y.,2005,7.8,747
Hold Back the Dawn,1941,7.3,748
The Executioner,1963,7.9,749
Sling Blade,1996,8,750
My Life as a Dog,1985,7.6,751
Winchester '73,1950,7.6,752
Ju Dou,1990,7.6,753
The Docks of New York,1928,7.5,754
Footlight Parade,1933,7.5,755
The Silence of the Sea,1949,7.6,756
Toy Story 2,1999,7.9,757
Paper Moon,1973,8.1,758
Zero Dark Thirty,2012,7.4,759
Blue Is the Warmest Colour,2013,7.7,760
Jiro Dreams of Sushi,2011,7.8,761
Chronicle of a Boy Alone,1965,7.5,762
Carol,2015,7.2,763
The Salesman,2016,7.7,764
Dinner at Eight,1933,7.5,765
Logan,2017,8.1,766
Weekend,2011,7.6,767
Mommy,2014,8,768
Pina,2011,7.6,769
Taxi,2015,7.3,770
Claire's Knee,1970,7.5,771
Rebel Without a Cause,1955,7.6,772
Bob the Gambler,1956,7.6,773
Lola,1961,7.5,774
Saturday Night and Sunday Morning,1960,7.5,775
Vengeance Is Mine,1979,7.7,776
The Big Sleep,1978,5.7,777
The Chasers,1959,7.3,778
Star Wars: Episode VII - The Force Awakens,2015,7.8,779
Guardians of the Galaxy,2014,8,780
The Cloud-Capped Star,1960,7.8,781
The Martian,2015,8,782
Creed,2015,7.6,783
Isle of Dogs,2018,7.8,784
Silver Linings Playbook,2012,7.7,785
The Green Ray,1986,7.6,786
Slumdog Millionaire,2008,8,787
Nightcrawler,2014,7.8,788
Loveless,2017,7.6,789
The Blue Angel,1930,7.7,790
Jour de Fête,1949,7.2,791
Shanghai Express,1932,7.3,792
The Man Without a Past,2002,7.6,793
The Remains of the Day,1993,7.8,794
Obsession,1943,7.6,795
The Gunfighter,1950,7.7,796
Il Posto,1961,7.9,797
Cousin Jules,1972,7.5,798
Skyfall,2012,7.8,799
The Phantom of Liberty,1974,7.8,800
Manila in the Claws of Light,1975,7.8,901
Cameraperson,2016,7.4,902
Goldfinger,1964,7.7,903
Closely Watched Trains,1966,7.6,904
5 Fingers,1952,7.6,905
Osaka Elegy,1936,7.2,906
True Grit,2010,7.6,907
Nebraska,2013,7.7,908
Diva,1981,7.2,909
Paterson,2016,7.3,910
You Can Count on Me,2000,7.5,911
Kiss Me Deadly,1955,7.5,912
Dead of Night,1945,7.5,913
Westfront 1918,1930,7.4,914
The Young One,1960,7.4,915
Ponette,1996,7.5,916
The Postman,1994,7.8,917
Northwest Passage,1940,7,918
The Red Turtle,2016,7.5,919
A Touch of Zen,1971,7.5,920
The Bank Dick,1940,7.1,921
The Station Agent,2003,7.6,922
Forbidden Planet,1956,7.5,923
The Wild Child,1970,7.5,924
Le Grand Amour,1969,7.5,925
Longford,2006,7.5,926
Leolo,1992,7.4,927
The Match Factory Girl,1990,7.5,928
BlacKkKlansman,2018,7.5,929
Hugo,2011,7.5,930
If....,1968,7.4,931
The Draughtsman's Contract,1982,7.2,932
Raining Stones,1993,7.3,933
The Class,2008,7.5,934
Pinocchio,1940,7.5,935
Days of Being Wild,1990,7.4,936
War for the Planet of the Apes,2017,7.4,937
Suspiria,1977,7.3,938
The Freshman,1925,7.5,939
Sicario,2015,7.7,940
The Wailing,2016,7.4,941
L'Argent,1983,7.4,942
Boudu Saved from Drowning,1932,7.2,943
Baby Doll,1956,7.3,944
The Lusty Men,1952,7.3,945
Criss Cross,1949,7.4,946
Snow White and the Seven Dwarfs,1937,7.6,947
If Beale Street Could Talk,2018,7.1,948
Gavagai,2016,6.5,949
White Sun,2016,7.1,950
Superman,1978,7.4,951
Battleground,1949,7.4,952
Looper,2012,7.4,953
Kaili Blues,2015,7.3,954
The Pearls of the Crown,1937,6.9,955
Shaun the Sheep Movie,2015,7.3,956
Starred Up,2013,7.3,957
Krisha,2015,7.1,958
The Girlfriends,1955,7.1,959
Heidi,2015,7.4,960
Toni Erdmann,2016,7.3,961
Sweet Sixteen,2002,7.4,962
Mudbound,2017,7.4,963
Picnic at Hanging Rock,1975,7.4,964
A Room with a View,1985,7.2,965
The Regeneration,1915,6.8,966
Henry V,1944,7,967
On Dangerous Ground,1951,7.2,968
Salvatore Giuliano,1962,7.3,969
The Baker's Wife,1938,7.5,970
American Graffiti,1973,7.4,971
The Wandering Soap Opera,2017,6.5,972
Li'l Quinquin,2014,7.3,973
Point Blank,1967,7.3,974
The Golden Coach,1952,7,975
Three Sisters,2012,7.3,976
American Hustle,2013,7.2,977
Graduation,2016,7.3,978
Ashik Kerib,1988,7.2,979
Lucky,2017,7.3,980
Cinderella,1950,7.3,981
My Twentieth Century,1989,7.1,982
Morocco,1930,7,983
The Death of Stalin,2017,7.2,984
Animal Kingdom,2010,7.2,985
Housekeeping,1987,7.1,986
The Tall T,1957,7.3,987
45 Years,2015,7.1,988
Ilo Ilo,2013,7.2,989
Heart of a Dog,1988,8.6,990
Shazam!,2019,7,991
People on Sunday,1930,7.3,992
Heart of a Dog,2015,7,993
Gate of Hell,1953,7.1,994
Hard to Be a God,2013,6.6,995
Cold Water,1994,7,996
We the Animals,2018,6.9,997
David Holzman's Diary,1967,6.5,998
Moonrise,1948,7,999
Caught,1949,7,1000
